Date,HIGH,CLOSE,LOW,OPEN,COUNT,VOLUME
2015-02-13,39.22,39.14,38.75,39.2,3693.0,422099.0
2015-02-17,39.43,38.66,38.54,39.19,4826.0,668397.0
2015-02-18,39.04,39.0,38.48,38.89,6334.0,788269.0
2015-02-19,38.9,38.39,38.29,38.87,3539.0,401466.0
2015-02-20,38.68,38.65,38.25,38.32,5522.0,806432.0
2015-02-23,38.75,38.71,38.39,38.64,5350.0,763169.0
2015-02-24,38.49,37.65,37.545,38.47,6905.0,886459.0
2015-02-25,38.0,37.79,37.57,37.7,6494.0,822728.0
2015-02-26,37.75,37.07,36.99,37.75,4812.0,800967.0
2015-02-27,37.3775,37.22,36.94,37.06,6144.0,896782.0
2015-03-02,37.82,37.33,37.01,37.2,6371.0,807443.0
2015-03-03,37.37,37.09,36.96,37.27,7831.0,974198.0
2015-03-04,37.08,36.46,36.33,37.08,7029.0,1050698.0
2015-03-05,36.83,36.19,36.16,36.48,9336.0,1275696.0
2015-03-06,35.72,35.03,34.725,35.72,7092.0,847576.0
2015-03-09,35.33,34.78,34.7,35.17,6410.0,970197.0
2015-03-10,34.81,34.65,34.47,34.56,8422.0,1522056.0
2015-03-11,34.78,34.54,34.37,34.78,6105.0,952973.0
2015-03-12,35.02,34.91,34.6,34.6,8007.0,1560524.0
2015-03-13,35.12,34.57,34.52,34.94,7148.0,943283.0
2015-03-16,35.21,35.18,34.59,34.69,5127.0,669540.0
2015-03-17,35.565,35.5,34.83,35.18,6054.0,833912.0
2015-03-18,36.39,36.34,35.28,35.51,9105.0,1360945.0
2015-03-19,36.64,36.25,36.06,36.17,6334.0,824229.0
2015-03-20,37.18,37.13,36.14,36.14,7226.0,1561206.0
2015-03-23,37.36,36.9,36.9,37.15,4407.0,803833.0
2015-03-24,36.91,36.33,36.27,36.91,6479.0,802731.0
2015-03-25,36.58,35.95,35.8,36.44,6831.0,819640.0
2015-03-26,35.95,35.78,35.52,35.75,4851.0,479317.0
2015-03-27,36.03,35.97,35.7201,35.93,6613.0,794473.0
2015-03-30,36.155,35.92,35.52,35.56,6381.0,827477.0
2015-03-31,36.1,35.7,35.5,35.79,5050.0,771704.0
2015-04-01,35.93,35.78,35.35,35.7,5212.0,614618.0
2015-04-02,36.39,36.27,35.74,35.8,6154.0,688775.0
2015-04-06,36.795,36.75,36.25,36.44,6413.0,852137.0
2015-04-07,36.72,35.93,35.73,36.72,6243.0,800323.0
2015-04-08,36.25,36.19,35.75,35.88,5755.0,754289.0
2015-04-09,36.21,35.55,35.42,36.1,8259.0,1144172.0
2015-04-10,36.11,35.41,35.38,35.77,5302.0,729846.0
2015-04-13,35.52,35.3,35.26,35.31,3961.0,670514.0
2015-04-14,35.66,35.49,35.21,35.47,4690.0,759442.0
2015-04-15,35.72,35.34,35.28,35.47,5215.0,718799.0
2015-04-16,35.49,35.33,34.93,35.21,6210.0,950343.0
2015-04-17,35.4,35.05,34.82,35.17,5402.0,699136.0
2015-04-20,35.46,35.38,34.99,35.17,7201.0,855030.0
2015-04-21,36.61,35.99,35.51,35.51,8624.0,1588295.0
2015-04-22,36.13,35.6,35.41,35.97,6256.0,975918.0
2015-04-23,35.83,35.56,35.53,35.58,4123.0,511983.0
2015-04-24,35.82,35.3,35.295,35.59,4610.0,941026.0
2015-04-27,35.66,35.36,35.1201,35.47,5024.0,579964.0
2015-04-28,35.49,35.45,35.03,35.25,5730.0,1071066.0
2015-04-29,35.35,35.0,34.98,35.23,7314.0,1548062.0
2015-04-30,35.18,34.84,34.64,34.9,7294.0,1043442.0
2015-05-01,35.4,34.75,34.74,34.9,6762.0,956964.0
2015-05-04,35.22,34.79,34.62,34.92,6156.0,750246.0
2015-05-05,34.75,34.01,33.79,34.68,9198.0,1258884.0
2015-05-06,34.21,33.99,33.69,33.99,4944.0,625634.0
2015-05-07,34.43,34.33,33.87,34.01,4494.0,687706.0
2015-05-08,35.47,34.88,34.57,34.9,5894.0,808377.0
2015-05-11,34.92,34.47,34.13,34.71,5447.0,1134168.0
2015-05-12,34.76,34.67,33.98,34.27,5022.0,666931.0
2015-05-13,35.21,34.56,34.45,34.92,6427.0,845120.0
2015-05-14,35.68,35.61,34.65,34.65,10994.0,1526973.0
2015-05-15,36.26,36.14,35.65,35.73,7125.0,852327.0
2015-05-18,36.26,36.22,35.71,36.0,5382.0,857171.0
2015-05-19,36.64,36.4,35.87,36.07,6638.0,926841.0
2015-05-20,36.78,36.68,36.29,36.48,7330.0,1308671.0
2015-05-21,36.75,35.86,35.68,36.75,6121.0,759723.0
2015-05-22,36.09,35.94,35.54,35.73,3727.0,466384.0
2015-05-26,35.85,35.36,35.21,35.83,6241.0,1135046.0
2015-05-27,35.96,35.8,35.27,35.36,5967.0,737504.0
2015-05-28,35.82,35.48,35.19,35.71,5298.0,703217.0
2015-05-29,35.54,34.94,34.83,35.4,7275.0,1367147.0
2015-06-01,35.61,35.5,34.77,34.99,6601.0,801758.0
2015-06-02,35.36,35.05,34.94,35.32,4523.0,546490.0
2015-06-03,35.105,34.55,34.52,35.02,4006.0,538352.0
2015-06-04,34.7,34.57,34.295,34.45,5237.0,697956.0
2015-06-05,34.51,34.21,33.96,34.17,5712.0,580904.0
2015-06-08,34.4,34.11,34.0201,34.23,5397.0,827236.0
2015-06-09,34.165,33.55,33.51,34.06,6520.0,891323.0
2015-06-10,33.91,33.56,33.33,33.6,8171.0,975134.0
2015-06-11,33.9,33.9,33.64,33.8,8204.0,1001539.0
2015-06-12,33.83,33.55,33.47,33.83,5932.0,813271.0
2015-06-15,33.55,33.36,33.25,33.48,6554.0,865166.0
2015-06-16,33.46,33.38,33.13,33.4,9690.0,1528206.0
2015-06-17,33.81,33.58,33.25,33.47,8257.0,1376729.0
2015-06-18,34.67,34.49,33.62,33.62,7457.0,924152.0
2015-06-19,34.67,34.34,34.1,34.38,4887.0,1338732.0
2015-06-22,34.88,34.6,34.29,34.42,9178.0,1403877.0
2015-06-23,35.01,34.43,34.4,34.43,10344.0,1435911.0
2015-06-24,34.64,33.88,33.85,34.43,7185.0,948139.0
2015-06-25,33.86,33.27,33.27,33.86,7082.0,1060961.0
2015-06-26,33.6,33.41,33.131,33.31,5818.0,1011620.0
2015-06-29,33.37,32.52,32.51,33.0,7662.0,1046745.0
2015-06-30,32.73,32.22,32.21,32.69,7509.0,939172.0
2015-07-01,32.69,32.69,32.03,32.26,5020.0,681710.0
2015-07-02,33.25,32.54,32.4499,32.87,5528.0,730619.0
2015-07-06,32.875,32.75,32.505,32.52,5150.0,566873.0
2015-07-07,33.25,33.13,32.82,32.91,7230.0,748705.0
2015-07-08,33.13,32.89,32.63,32.98,7267.0,812378.0
2015-07-09,33.02,32.68,32.51,33.02,5941.0,1179302.0
2015-07-10,33.17,32.77,32.57,32.73,7871.0,1117428.0
2015-07-13,33.51,33.27,32.87,32.99,6530.0,819588.0
2015-07-14,33.48,33.22,33.0,33.31,3493.0,432224.0
2015-07-15,33.57,33.41,32.93,33.09,4480.0,538662.0
2015-07-16,33.82,33.46,33.29,33.49,4503.0,615981.0
2015-07-17,33.77,33.56,33.3,33.44,5011.0,782845.0
2015-07-20,33.67,33.57,33.27,33.5,5205.0,893237.0
2015-07-21,33.75,33.65,33.5,33.53,3783.0,486903.0
2015-07-22,34.211,34.06,33.61,33.61,5572.0,732689.0
2015-07-23,34.15,33.92,33.65,34.07,7332.0,900293.0
2015-07-24,33.92,33.63,33.57,33.82,4561.0,537807.0
2015-07-27,33.97,33.7,33.45,33.62,6535.0,889016.0
2015-07-28,34.4,34.04,33.68,33.69,8080.0,1207307.0
2015-07-29,34.33,34.15,33.56,33.97,5414.0,622461.0
2015-07-30,34.16,33.86,33.77,34.04,3651.0,405041.0
2015-07-31,34.36,34.03,33.9,34.18,6362.0,925899.0
2015-08-03,34.1,34.0,33.83,33.99,4821.0,691434.0
2015-08-04,34.15,33.65,33.59,33.9,4749.0,708847.0
2015-08-05,33.86,33.31,33.21,33.86,6625.0,688656.0
2015-08-06,33.26,33.2,32.5,33.26,9931.0,1422171.0
2015-08-07,33.56,33.56,32.93,33.13,5270.0,745299.0
2015-08-10,33.97,33.66,33.5,33.88,6109.0,862986.0
2015-08-11,33.82,33.61,33.38,33.5,6529.0,680153.0
2015-08-12,33.82,33.8,32.95,33.49,7693.0,1144942.0
2015-08-13,34.0,33.75,33.33,33.77,4264.0,607163.0
2015-08-14,33.95,33.91,33.5,33.73,6291.0,1101920.0
2015-08-17,34.4,34.4,33.65,33.88,4716.0,615582.0
2015-08-18,34.5,34.48,34.2,34.28,3113.0,411806.0
2015-08-19,34.68,34.47,34.22,34.49,4126.0,482429.0
2015-08-20,34.23,33.82,33.8,34.19,6431.0,778463.0
2015-08-21,33.7,32.98,32.95,33.68,7470.0,959189.0
2015-08-24,32.64,31.33,31.3,32.39,10455.0,1236410.0
2015-08-25,32.11,30.21,30.19,30.94,9894.0,1090733.0
2015-08-26,31.065,30.91,30.16,30.78,11099.0,1221331.0
2015-08-27,31.56,31.4,30.91,31.08,9749.0,1214173.0
2015-08-28,31.7,31.46,31.195,31.39,7400.0,1141268.0
2015-08-31,31.68,30.74,30.71,31.53,12859.0,2048715.0
2015-09-01,30.6,29.91,29.68,30.2,11043.0,1409548.0
2015-09-02,30.725,30.69,30.08,30.22,7856.0,985773.0
2015-09-03,31.27,31.04,30.81,30.81,6608.0,799168.0
2015-09-04,30.78,30.32,30.07,30.72,5764.0,703258.0
2015-09-08,30.8,30.58,30.49,30.62,7103.0,939260.0
2015-09-09,30.9849,30.4,30.33,30.9,6120.0,798881.0
2015-09-10,30.92,30.39,30.25,30.35,7836.0,917705.0
2015-09-11,30.83,30.82,30.19,30.39,8497.0,1045078.0
2015-09-14,31.05,30.83,30.72,30.92,6835.0,779034.0
2015-09-15,31.0,30.9,30.63,30.91,7571.0,1124783.0
2015-09-16,31.38,31.22,30.8304,30.86,7160.0,1001001.0
2015-09-17,31.9949,31.55,31.092,31.17,9006.0,1064315.0
2015-09-18,31.785,31.61,31.092,31.2,12300.0,2077350.0
2015-09-21,32.14,31.69,31.53,31.73,9179.0,1269983.0
2015-09-22,31.73,31.07,31.01,31.49,7923.0,996465.0
2015-09-23,31.645,31.36,31.01,31.15,6823.0,956154.0
2015-09-24,31.66,31.04,30.78,31.35,7686.0,996779.0
2015-09-25,31.75,31.3,30.892,31.19,6810.0,780196.0
2015-09-28,31.24,31.14,30.715,31.24,8941.0,1086697.0
2015-09-29,31.59,31.2,30.56,30.83,9467.0,1358825.0
2015-09-30,31.6,31.51,31.21,31.47,8142.0,1359643.0
2015-10-01,31.65,31.53,31.2,31.59,7018.0,941717.0
2015-10-02,31.89,31.73,31.09,31.46,6612.0,822047.0
2015-10-05,32.55,32.51,31.79,31.84,5258.0,891355.0
2015-10-06,32.66,32.21,32.15,32.45,5155.0,825051.0
2015-10-07,32.88,32.85,32.18,32.29,6181.0,1293735.0
2015-10-08,33.64,33.43,32.74,32.83,7589.0,968405.0
2015-10-09,33.77,33.74,33.33,33.42,5053.0,868647.0
2015-10-12,34.33,33.96,33.72,33.86,7006.0,888747.0
2015-10-13,34.23,33.75,33.62,33.8,6698.0,806435.0
2015-10-14,34.0,33.6,33.52,33.83,6461.0,860063.0
2015-10-15,34.09,34.09,33.54,33.71,4893.0,590927.0
2015-10-16,34.365,34.08,34.06,34.17,5617.0,642634.0
2015-10-19,34.43,34.43,33.93,34.0,4109.0,616815.0
2015-10-20,34.62,34.4,34.14,34.35,4073.0,461236.0
2015-10-21,34.65,34.27,34.19,34.57,4472.0,464653.0
2015-10-22,34.97,34.81,34.22,34.47,7834.0,1102705.0
2015-10-23,35.03,34.86,34.47,34.84,6286.0,699269.0
2015-10-26,35.19,35.06,34.72,34.92,6627.0,780840.0
2015-10-27,35.48,34.93,34.44,35.05,5979.0,1695588.0
2015-10-28,34.92,34.68,34.0,34.71,11024.0,1307330.0
2015-10-29,34.75,34.33,34.13,34.65,6666.0,1179430.0
2015-10-30,34.39,34.02,34.01,34.38,6986.0,857915.0
2015-11-02,34.88,34.86,33.92,34.03,5641.0,605507.0
2015-11-03,34.76,34.44,34.41,34.76,5338.0,723198.0
2015-11-04,34.65,34.33,34.18,34.52,3393.0,360354.0
2015-11-05,34.705,34.7,34.14,34.29,4219.0,438188.0
2015-11-06,34.69,33.27,33.07,34.23,7873.0,953418.0
2015-11-09,33.3,32.74,32.44,33.13,5535.0,584352.0
2015-11-10,33.07,33.03,32.75,32.78,4071.0,420991.0
2015-11-11,33.2265,33.08,33.0,33.14,3062.0,370039.0
2015-11-12,33.24,32.67,32.66,33.05,4171.0,474507.0
2015-11-13,32.93,32.52,32.44,32.85,3608.0,320025.0
2015-11-16,32.86,32.81,32.41,32.5,2674.0,267376.0
2015-11-17,33.1,32.84,32.36,32.68,3477.0,357408.0
2015-11-18,33.345,33.32,32.74,32.96,3448.0,347867.0
2015-11-19,33.64,33.35,33.19,33.42,5955.0,542274.0
2015-11-20,33.9,33.83,33.4458,33.52,3541.0,397453.0
2015-11-23,34.09,33.77,33.61,33.84,3433.0,362033.0
2015-11-24,33.86,33.69,33.42,33.68,5945.0,937786.0
2015-11-25,33.935,33.84,33.54,33.66,5457.0,746440.0
2015-11-27,34.17,34.16,33.75,33.92,1976.0,231795.0
2015-11-30,34.24,33.9,33.82,34.19,6767.0,961680.0
2015-12-01,34.23,34.22,33.92,34.12,7702.0,1233879.0
2015-12-02,34.15,33.39,33.37,33.83,8854.0,1073258.0
2015-12-03,33.515,32.84,32.8,33.33,7724.0,1200993.0
2015-12-04,33.43,33.25,32.8503,32.99,8705.0,1000948.0
2015-12-07,33.27,33.16,32.99,33.26,5832.0,1701680.0
2015-12-08,33.29,33.04,32.97,33.22,6851.0,1097243.0
2015-12-09,33.25,32.7,32.644,32.92,5184.0,584825.0
2015-12-10,32.91,32.48,32.43,32.81,5890.0,634253.0
2015-12-11,32.69,32.03,31.92,32.36,10629.0,1578595.0
2015-12-14,32.06,31.59,31.48,31.96,11841.0,1473766.0
2015-12-15,32.04,31.84,31.31,31.65,13338.0,1524459.0
2015-12-16,32.0,31.9,31.32,31.47,10216.0,1406990.0
2015-12-17,32.0,31.73,31.58,32.0,9079.0,1199579.0
2015-12-18,31.66,30.83,30.82,31.56,12850.0,2634569.0
2015-12-21,31.23,31.01,30.79,30.99,10394.0,1207908.0
2015-12-22,31.645,31.48,31.16,31.16,6501.0,789653.0
2015-12-23,31.94,31.92,31.55,31.59,5492.0,699852.0
2015-12-24,31.99,31.58,31.56,31.99,3102.0,365774.0
2015-12-28,31.85,31.85,31.4,31.52,4697.0,612146.0
2015-12-29,32.08,31.85,31.71,31.9,4833.0,526535.0
2015-12-30,31.64,31.45,31.12,31.26,4941.0,574448.0
2015-12-31,31.64,31.05,31.05,31.45,6657.0,876148.0
2016-01-04,31.26,31.14,30.62,31.26,10117.0,1164833.0
2016-01-05,32.19,32.13,31.23,31.3,9746.0,1357265.0
2016-01-06,32.28,32.25,31.79,31.8,11584.0,1495346.0
2016-01-07,31.76,31.02,31.02,31.69,13544.0,1641689.0
2016-01-08,31.26,30.42,30.38,31.11,6868.0,783806.0
2016-01-11,30.65,30.37,30.26,30.53,8576.0,1084472.0
2016-01-12,30.37,29.77,29.36,30.36,10459.0,1360834.0
2016-01-13,30.48,29.77,29.67,29.86,10193.0,1164654.0
2016-01-14,30.2,29.76,29.58,29.84,8387.0,1160353.0
2016-01-15,29.522,28.87,28.65,29.34,11323.0,1528184.0
2016-01-19,29.29,28.99,28.94,29.17,9670.0,1115828.0
2016-01-20,28.85,28.0,27.37,28.82,9293.0,1016779.0
2016-01-21,28.44,27.9,27.77,28.13,10952.0,1152807.0
2016-01-22,28.81,28.55,28.18,28.28,7239.0,971342.0
2016-01-25,28.9,28.27,28.2,28.57,7342.0,840360.0
2016-01-26,29.07,28.96,28.29,28.46,8084.0,984614.0
2016-01-27,29.24,28.94,28.67,28.84,6729.0,699878.0
2016-01-28,29.5,29.02,28.93,29.13,7642.0,796136.0
2016-01-29,29.38,29.32,29.02,29.26,10033.0,1204353.0
2016-02-01,29.57,29.23,29.06,29.18,7550.0,779684.0
2016-02-02,29.3799,28.83,28.7,29.16,6279.0,690885.0
2016-02-03,29.35,29.27,28.74,29.0,7193.0,764379.0
2016-02-04,29.42,28.77,28.655,29.13,7767.0,893102.0
2016-02-05,28.86,28.64,28.41,28.62,7050.0,887823.0
2016-02-08,28.48,28.11,27.57,28.48,9698.0,1064049.0
2016-02-09,28.08,27.57,27.49,27.82,10539.0,1203711.0
2016-02-10,28.22,27.6,27.57,27.6,7280.0,792110.0
2016-02-11,27.56,27.3,26.94,27.28,9876.0,1190401.0
2016-02-12,27.908,27.83,27.25,27.43,8064.0,1039886.0
2016-02-16,28.695,28.65,27.64,28.01,6658.0,1005916.0
2016-02-17,28.81,28.47,28.1025,28.71,9480.0,1697509.0
2016-02-18,28.87,28.62,28.26,28.45,8881.0,1444283.0
2016-02-19,28.85,28.62,28.31,28.43,7176.0,1094656.0
2016-02-22,29.31,29.07,28.81,28.81,5577.0,643225.0
2016-02-23,29.15,28.8,28.75,28.96,4290.0,579650.0
2016-02-24,28.78,28.67,28.305,28.68,5372.0,678851.0
2016-02-25,28.91,28.8,28.48,28.83,7924.0,1470345.0
2016-02-26,29.095,28.62,28.62,28.79,9182.0,1264497.0
2016-02-29,29.0799,28.88,28.63,28.68,9537.0,1711918.0
2016-03-01,30.015,29.88,28.89,28.95,9210.0,1254688.0
2016-03-02,30.36,30.22,29.53,29.76,7342.0,903043.0
2016-03-03,30.36,30.36,30.005,30.29,4727.0,569258.0
2016-03-04,30.54,30.54,30.1,30.3,4151.0,546029.0
2016-03-07,30.99,30.96,30.28,30.41,5331.0,913167.0
2016-03-08,31.055,30.85,30.76,31.0,6607.0,909740.0
2016-03-09,31.25,31.07,30.6764,30.87,6768.0,820382.0
2016-03-10,31.47,30.9,30.605,31.32,5094.0,778511.0
2016-03-11,31.39,31.32,31.1,31.24,4342.0,536785.0
2016-03-14,31.33,31.25,30.98,31.3,4218.0,469173.0
2016-03-15,31.18,31.14,30.83,30.97,3479.0,380842.0
2016-03-16,32.15,32.06,31.0575,31.11,5870.0,837101.0
2016-03-17,32.77,32.63,32.02,32.08,7252.0,1234984.0
2016-03-18,33.06,32.87,32.62,32.77,9504.0,1973244.0
2016-03-21,32.89,32.57,32.31,32.72,7418.0,940478.0
2016-03-22,32.73,32.57,32.18,32.53,6890.0,796273.0
2016-03-23,32.53,32.33,32.12,32.5,4883.0,580904.0
2016-03-24,32.32,32.29,31.805,32.18,4731.0,566844.0
2016-03-28,32.6,32.57,32.05,32.39,6656.0,1419773.0
2016-03-29,33.24,33.24,32.14,32.29,6681.0,941539.0
2016-03-30,33.52,33.35,33.13,33.38,5167.0,808960.0
2016-03-31,33.52,33.46,33.14,33.26,5833.0,744746.0
2016-04-01,33.68,33.4,33.05,33.14,7671.0,920722.0
2016-04-04,33.55,33.12,33.05,33.36,7225.0,1178303.0
2016-04-05,33.44,33.44,32.89,32.89,7267.0,1551373.0
2016-04-06,33.52,33.42,33.04,33.4,5279.0,879825.0
2016-04-07,33.58,33.28,33.08,33.31,6273.0,750211.0
2016-04-08,33.95,33.78,33.35,33.44,8086.0,1010704.0
2016-04-11,34.0,33.41,33.39,33.85,5460.0,521509.0
2016-04-12,33.94,33.78,33.4501,33.55,5346.0,795319.0
2016-04-13,33.99,33.95,33.69,33.99,7741.0,1058772.0
2016-04-14,34.455,34.22,33.77,33.96,7689.0,1129710.0
2016-04-15,34.55,34.42,34.1,34.11,6025.0,777823.0
2016-04-18,34.67,34.62,34.2125,34.3,6286.0,996344.0
2016-04-19,35.02,34.76,34.57,34.61,7872.0,1009292.0
2016-04-20,34.84,34.61,34.47,34.71,10183.0,1466487.0
2016-04-21,34.93,34.35,34.17,34.63,10889.0,1513257.0
2016-04-22,34.805,34.58,34.33,34.51,6941.0,944581.0
2016-04-25,35.02,34.84,34.18,34.46,7451.0,1237958.0
2016-04-26,35.18,35.1,34.56,34.84,6877.0,1177526.0
2016-04-27,35.63,35.59,35.0,35.23,7676.0,989026.0
2016-04-28,35.76,35.51,35.28,35.32,6543.0,1092140.0
2016-04-29,35.55,34.9,34.52,35.4,9942.0,1096206.0
2016-05-02,35.56,35.42,34.97,35.05,7232.0,976731.0
2016-05-03,35.23,34.59,34.45,35.22,9879.0,1210585.0
2016-05-04,34.94,34.75,34.01,34.36,11577.0,2225486.0
2016-05-05,35.33,35.31,34.54,34.78,9235.0,1417632.0
2016-05-06,36.14,36.14,35.1389,35.2,9121.0,1274421.0
2016-05-09,36.6,36.58,36.11,36.19,6837.0,972327.0
2016-05-10,36.915,36.79,36.485,36.7,6158.0,709578.0
2016-05-11,36.75,36.54,36.24,36.75,6528.0,802030.0
2016-05-12,37.17,37.12,36.24,36.61,6514.0,926910.0
2016-05-13,37.07,36.9,36.55,37.07,3921.0,443159.0
2016-05-16,37.34,37.29,36.87,36.87,6302.0,1084037.0
2016-05-17,37.234,36.76,36.53,37.19,6076.0,797850.0
2016-05-18,36.79,36.35,35.98,36.64,5506.0,658195.0
2016-05-19,36.03,35.75,33.89,36.03,7426.0,1038588.0
2016-05-20,36.12,35.89,35.64,36.0,8368.0,1058233.0
2016-05-23,36.076,35.9,35.72,35.95,3746.0,599423.0
2016-05-24,36.8,36.73,36.02,36.02,4430.0,588693.0
2016-05-25,36.975,36.74,36.445,36.86,3700.0,401083.0
2016-05-26,37.3,37.16,36.67,36.84,4070.0,601639.0
2016-05-27,37.6,37.37,37.14,37.19,5977.0,691143.0
2016-05-31,37.6,37.32,37.16,37.38,5008.0,1003741.0
2016-06-01,37.525,37.51,37.08,37.12,6479.0,610334.0
2016-06-02,37.66,37.52,37.2,37.39,6510.0,759414.0
2016-06-03,38.09,37.67,37.46,37.9,7239.0,849206.0
2016-06-06,37.83,37.42,37.12,37.73,5835.0,712670.0
2016-06-07,38.12,37.99,37.285,37.45,5670.0,458671.0
2016-06-08,38.36,38.33,37.81,37.92,5004.0,605041.0
2016-06-09,38.73,38.6,38.17,38.32,6377.0,778751.0
2016-06-10,38.76,38.6,38.12,38.29,6478.0,827220.0
2016-06-13,38.93,38.54,38.505,38.6,7034.0,855187.0
2016-06-14,38.63,38.19,38.05,38.47,8335.0,1548168.0
2016-06-15,38.76,38.52,38.215,38.28,6220.0,1053854.0
2016-06-16,38.46,38.42,37.89,38.44,9015.0,1230329.0
2016-06-17,38.82,38.82,38.06,38.22,8128.0,1745918.0
2016-06-20,39.34,38.96,38.91,39.1,6750.0,807225.0
2016-06-21,39.39,39.17,38.9,38.94,4517.0,613501.0
2016-06-22,39.32,39.0,38.94,39.3,5055.0,643625.0
2016-06-23,39.61,39.37,39.16,39.39,4662.0,673219.0
2016-06-24,39.09,38.61,38.14,38.5,8544.0,1038046.0
2016-06-27,38.44,37.79,37.543,38.44,11067.0,1492758.0
2016-06-28,38.37,38.37,37.76,38.22,11759.0,1444506.0
2016-06-29,39.055,38.98,38.15,38.22,11533.0,1447594.0
2016-06-30,39.72,39.72,38.75,39.03,8666.0,1234835.0
2016-07-01,39.93,39.33,39.25,39.84,5060.0,519109.0
2016-07-05,39.49,39.48,39.01,39.27,5727.0,633126.0
2016-07-06,39.71,39.6,39.25,39.46,4462.0,524080.0
2016-07-07,39.67,39.28,39.02,39.67,3806.0,416427.0
2016-07-08,40.025,39.9,39.58,39.64,7131.0,1002652.0
2016-07-11,40.365,40.34,39.76,40.0,5053.0,551416.0
2016-07-12,40.43,40.38,39.95,40.27,4624.0,426548.0
2016-07-13,40.93,40.93,40.38,40.51,7118.0,1023577.0
2016-07-14,41.1,40.9,40.74,40.77,5464.0,1351362.0
2016-07-15,40.7842,40.34,39.88,40.76,8038.0,967227.0
2016-07-18,40.45,40.2,40.03,40.4,7556.0,1149397.0
2016-07-19,40.35,40.25,40.04,40.19,7172.0,819951.0
2016-07-20,40.79,40.79,40.175,40.39,6825.0,890711.0
2016-07-21,40.96,40.87,40.515,40.67,4751.0,571573.0
2016-07-22,41.31,40.96,40.89,40.89,4305.0,463863.0
2016-07-25,41.485,41.23,40.98,41.0,8936.0,1259187.0
2016-07-26,41.22,39.94,39.78,41.01,12189.0,2317863.0
2016-07-27,39.94,39.35,39.01,39.89,12715.0,1866395.0
2016-07-28,40.315,40.19,39.07,39.21,8537.0,1550506.0
2016-07-29,41.5,41.38,40.16,40.2,8308.0,1334934.0
2016-08-01,41.51,41.51,41.07,41.37,6369.0,1257806.0
2016-08-02,41.47,40.82,40.64,41.34,5406.0,586116.0
2016-08-03,40.91,40.4,40.25,40.89,6400.0,854970.0
2016-08-04,40.54,40.25,40.16,40.47,5765.0,716921.0
2016-08-05,40.36,40.03,39.965,40.36,5579.0,711453.0
2016-08-08,40.27,39.78,39.75,40.09,6980.0,848950.0
2016-08-09,40.005,39.93,39.58,39.78,6449.0,665614.0
2016-08-10,40.476,40.4,39.94,40.08,6354.0,737619.0
2016-08-11,40.46,40.1,39.955,40.46,4731.0,743152.0
2016-08-12,40.77,40.26,40.1,40.1,3787.0,565557.0
2016-08-15,40.5,40.2,40.07,40.31,4136.0,637951.0
2016-08-16,40.06,39.72,39.4,39.97,5117.0,556839.0
2016-08-17,40.22,40.19,39.5901,39.89,6730.0,805579.0
2016-08-18,40.4775,40.34,39.99,40.16,5451.0,605910.0
2016-08-19,40.34,40.16,39.78,40.34,4877.0,728433.0
2016-08-22,40.65,40.65,40.075,40.17,5093.0,735376.0
2016-08-23,40.9,40.63,40.54,40.84,5763.0,723828.0
2016-08-24,40.69,40.5,40.22,40.68,5759.0,746251.0
2016-08-25,40.74,40.52,40.29,40.39,5879.0,612903.0
2016-08-26,41.15,40.09,39.79,40.68,7946.0,871664.0
2016-08-29,41.09,40.99,40.28,40.28,5566.0,693564.0
2016-08-30,41.13,40.87,40.58,41.13,4537.0,534609.0
2016-08-31,41.38,41.23,40.68,40.77,9285.0,1902853.0
2016-09-01,41.31,40.88,40.56,41.27,5595.0,766501.0
2016-09-02,42.01,41.82,41.16,41.16,6514.0,1007676.0
2016-09-06,41.96,41.85,41.39,41.96,6039.0,681045.0
2016-09-07,42.255,42.25,41.615,41.92,6810.0,787522.0
2016-09-08,41.98,41.65,41.54,41.98,4678.0,604878.0
2016-09-09,41.06,39.87,39.87,41.06,7127.0,856684.0
2016-09-12,40.57,40.47,39.5,39.63,5721.0,650939.0
2016-09-13,40.26,39.03,39.01,40.11,6308.0,605757.0
2016-09-14,39.25,39.15,38.77,39.14,4133.0,447467.0
2016-09-15,39.37,39.37,38.91,39.09,4696.0,556004.0
2016-09-16,39.34,38.95,38.9,39.02,8369.0,1341288.0
2016-09-19,39.9,39.73,39.04,39.23,6021.0,796061.0
2016-09-20,40.25,39.64,39.6,40.01,6438.0,880281.0
2016-09-21,40.475,40.42,39.43,39.86,7912.0,778897.0
2016-09-22,41.32,41.22,40.88,40.97,6065.0,771991.0
2016-09-23,41.55,41.38,40.73,41.08,6309.0,656897.0
2016-09-26,41.88,41.72,41.27,41.37,6441.0,781245.0
2016-09-27,41.87,41.09,40.99,41.87,4729.0,568461.0
2016-09-28,41.52,41.36,40.91,41.28,4925.0,583458.0
2016-09-29,40.87,40.57,40.33,40.35,4842.0,534500.0
2016-09-30,40.95,40.35,40.29,40.78,7673.0,1372134.0
2016-10-03,40.365,39.68,39.52,40.3,8205.0,762461.0
2016-10-04,40.18,39.1,38.72,40.18,7187.0,937943.0
2016-10-05,39.39,38.57,38.55,39.24,9308.0,1007495.0
2016-10-06,39.13,38.59,38.02,38.52,10174.0,1052872.0
2016-10-07,39.27,38.45,38.285,38.75,5654.0,696673.0
2016-10-10,38.93,38.74,38.49,38.55,5353.0,626905.0
2016-10-11,38.86,38.44,38.3,38.63,7853.0,862340.0
2016-10-12,39.26,39.23,38.46,38.56,5275.0,602185.0
2016-10-13,40.24,40.03,38.87,38.87,9913.0,1317571.0
2016-10-14,40.28,39.91,39.7,39.95,8213.0,727591.0
2016-10-17,40.31,39.83,39.81,39.83,6785.0,739105.0
2016-10-18,40.5,40.21,40.0,40.23,6572.0,856214.0
2016-10-19,40.44,40.38,39.76,40.13,6317.0,726802.0
2016-10-20,40.77,40.3,39.98,40.35,4939.0,568446.0
2016-10-21,40.41,40.08,39.98,40.01,4561.0,600404.0
2016-10-24,40.92,40.51,40.32,40.7,6973.0,983890.0
2016-10-25,40.63,40.1,39.77,40.25,5017.0,641352.0
2016-10-26,40.34,39.31,39.13,40.06,6136.0,715355.0
2016-10-27,39.3,38.95,38.31,39.3,9871.0,1044224.0
2016-10-28,39.38,39.11,38.795,39.01,6005.0,602112.0
2016-10-31,40.51,40.43,39.16,39.38,9499.0,1271883.0
2016-11-01,40.31,39.69,39.18,40.23,8391.0,1089729.0
2016-11-02,39.87,38.75,38.69,39.68,11223.0,1214950.0
2016-11-03,39.18,38.73,38.62,38.81,7439.0,849204.0
2016-11-04,38.98,38.72,38.57,38.83,7482.0,702632.0
2016-11-07,39.65,39.51,39.17,39.42,8047.0,956670.0
2016-11-08,40.16,39.93,39.56,39.56,8676.0,1076098.0
2016-11-09,39.13,38.12,38.06,38.99,14837.0,1891681.0
2016-11-10,38.05,36.8,36.72,38.05,14489.0,1524662.0
2016-11-11,37.4,36.37,36.22,36.7,13274.0,1571801.0
2016-11-14,37.845,37.65,36.31,36.34,16277.0,1412735.0
2016-11-15,38.45,37.99,37.68,37.99,7634.0,757750.0
2016-11-16,38.08,37.93,37.38,37.88,5823.0,560919.0
2016-11-17,38.48,37.9,37.76,38.0,5995.0,595105.0
2016-11-18,38.32,38.14,38.06,38.07,6104.0,657376.0
2016-11-21,38.88,38.46,38.36,38.42,6007.0,668696.0
2016-11-22,39.13,38.85,38.56,38.7,7883.0,942474.0
2016-11-23,38.94,38.9,38.47,38.49,6543.0,910981.0
2016-11-25,39.28,38.89,38.69,38.93,3074.0,324311.0
2016-11-28,39.43,39.2,38.83,38.9,9858.0,1426440.0
2016-11-29,39.96,39.73,39.09,39.1,6967.0,873149.0
2016-11-30,39.92,39.4,39.23,39.41,9141.0,1609680.0
2016-12-01,39.54,38.59,38.4,39.17,7561.0,951441.0
2016-12-02,39.55,38.78,38.7,38.93,7599.0,1105778.0
2016-12-05,39.11,39.0,38.74,38.94,11603.0,1729210.0
2016-12-06,39.56,38.84,38.74,39.16,10120.0,1435351.0
2016-12-07,39.7597,39.71,38.9594,39.02,13134.0,1570067.0
2016-12-08,40.495,40.48,39.47,39.55,10533.0,1183188.0
2016-12-09,40.85,40.47,40.295,40.4,5814.0,668807.0
2016-12-12,40.73,40.66,40.2,40.44,8535.0,958135.0
2016-12-13,41.05,40.56,39.99,40.96,17960.0,2459373.0
2016-12-14,40.33,38.44,38.37,40.33,15910.0,1674412.0
2016-12-15,39.12,38.78,38.19,38.37,14630.0,1572123.0
2016-12-16,39.75,39.53,39.0,39.05,8736.0,3065680.0
2016-12-19,40.22,39.5,39.265,39.86,9670.0,1026209.0
2016-12-20,40.04,39.61,39.35,39.47,7690.0,728361.0
2016-12-21,40.08,39.15,39.07,39.6,7895.0,783475.0
2016-12-22,39.2,39.02,38.74,39.11,9637.0,1053247.0
2016-12-23,39.515,39.44,39.03,39.25,5059.0,513258.0
2016-12-27,39.54,39.27,39.17,39.52,4938.0,542385.0
2016-12-28,39.39,38.92,38.66,39.36,7027.0,774481.0
2016-12-29,39.131,39.02,38.25,38.48,7634.0,819352.0
2016-12-30,39.875,39.5,38.82,38.98,9830.0,900431.0
2017-01-03,39.94,39.43,39.06,39.78,9296.0,836915.0
2017-01-04,40.72,40.63,39.51,39.51,10733.0,1189134.0
2017-01-05,40.9,40.83,40.04,40.35,8573.0,772712.0
2017-01-06,40.8886,40.74,40.48,40.65,7521.0,850321.0
2017-01-09,40.84,40.13,40.05,40.84,7536.0,722485.0
2017-01-10,40.63,39.98,39.78,40.24,7505.0,873583.0
2017-01-11,40.39,40.15,39.9685,40.04,9300.0,1151036.0
2017-01-12,40.365,40.19,39.5,40.14,6989.0,585734.0
2017-01-13,40.47,40.23,40.01,40.2,5892.0,623377.0
2017-01-17,40.51,40.11,40.05,40.15,6872.0,652170.0
2017-01-18,40.75,40.44,40.08,40.17,5465.0,599046.0
2017-01-19,40.6,40.43,39.92,40.23,7429.0,1053972.0
2017-01-20,40.81,40.62,40.31,40.41,7478.0,901271.0
2017-01-23,40.89,40.85,40.46,40.62,5106.0,683025.0
2017-01-24,41.2,40.49,40.44,40.83,8481.0,1196464.0
2017-01-25,40.7,40.45,40.21,40.47,6199.0,626633.0
2017-01-26,40.67,39.61,39.59,40.48,8272.0,950478.0
2017-01-27,39.59,38.36,38.19,39.59,7936.0,926168.0
2017-01-30,38.27,37.65,37.49,38.26,8828.0,1091637.0
2017-01-31,38.75,38.39,37.76,37.76,10372.0,1147122.0
2017-02-01,38.525,37.58,37.55,38.41,7288.0,797847.0
2017-02-02,38.29,38.15,37.56,37.66,8357.0,1113859.0
2017-02-03,38.795,38.52,38.25,38.57,7917.0,791356.0
2017-02-06,38.75,38.32,38.17,38.64,7453.0,853709.0
2017-02-07,39.25,37.84,37.62,38.61,8436.0,1035103.0
2017-02-08,38.37,38.27,37.78,37.83,7410.0,976857.0
2017-02-09,38.43,38.39,38.1391,38.32,5398.0,713732.0
2017-02-10,38.89,38.88,38.37,38.45,5427.0,740299.0
2017-02-13,39.21,39.01,38.67,38.78,7258.0,768122.0
2017-02-14,38.86,38.81,38.3487,38.84,6450.0,960970.0
2017-02-15,38.59,38.56,38.14,38.42,4954.0,443690.0
2017-02-16,39.34,39.16,38.575,38.64,6812.0,627602.0
2017-02-17,39.31,39.05,38.62,39.24,7072.0,1150037.0
2017-02-21,39.27,39.23,38.83,38.87,7621.0,862781.0
2017-02-22,39.34,38.95,38.83,39.15,8298.0,953804.0
2017-02-23,39.26,39.2,38.57,39.26,6929.0,670636.0
2017-02-24,39.775,39.66,38.95,39.2,6490.0,690839.0
2017-02-27,39.92,39.85,39.435,39.73,6804.0,829840.0
2017-02-28,39.86,39.44,39.32,39.75,7402.0,879574.0
2017-03-01,39.72,39.61,39.25,39.25,7346.0,845377.0
2017-03-02,39.785,39.51,39.16,39.36,8380.0,1073640.0
2017-03-03,39.52,39.42,38.92,39.49,5314.0,526244.0
2017-03-06,39.31,39.25,38.845,39.23,7405.0,610600.0
2017-03-07,39.27,39.07,38.93,39.17,8253.0,1229506.0
2017-03-08,39.04,38.36,38.31,39.04,7201.0,854785.0
2017-03-09,38.71,37.7,37.69,38.33,7310.0,785425.0
2017-03-10,38.35,37.56,37.21,38.35,7007.0,727833.0
2017-03-13,38.0,37.9,37.5,37.65,6446.0,920887.0
2017-03-14,38.025,37.8,37.575,37.73,6720.0,686917.0
2017-03-15,38.89,38.74,38.0,38.01,8728.0,939426.0
2017-03-16,38.78,38.25,38.24,38.6,7304.0,966557.0
2017-03-17,38.78,38.53,38.06,38.32,8872.0,1518840.0
2017-03-20,38.85,38.57,38.47,38.57,3630.0,371247.0
2017-03-21,38.7,38.59,38.33,38.61,8008.0,946954.0
2017-03-22,38.76,38.32,37.97,38.7,7408.0,977996.0
2017-03-23,38.945,38.52,38.23,38.34,9857.0,1141209.0
2017-03-24,39.075,38.79,38.5,38.65,6893.0,827760.0
2017-03-27,39.0,38.08,37.97,38.67,4598.0,423157.0
2017-03-28,38.14,38.1,37.59,38.08,7376.0,724579.0
2017-03-29,38.07,37.96,37.53,37.7,7368.0,838100.0
2017-03-30,38.19,38.13,37.76,38.14,6389.0,795531.0
2017-03-31,38.69,38.55,37.985,38.08,8438.0,905031.0
2017-04-03,38.9,38.73,38.355,38.52,7427.0,803504.0
2017-04-04,39.21,39.1,38.55,38.72,7609.0,800827.0
2017-04-05,39.55,39.26,39.07,39.21,8900.0,1317584.0
2017-04-06,39.69,39.57,39.01,39.28,6717.0,678625.0
2017-04-07,40.03,39.73,39.39,39.59,6449.0,643281.0
2017-04-10,40.12,40.0,39.68,39.77,6928.0,675116.0
2017-04-11,40.6,40.59,39.8,40.02,8232.0,895397.0
2017-04-12,40.94,40.54,40.43,40.73,7099.0,709133.0
2017-04-13,40.66,40.43,40.26,40.35,7363.0,712422.0
2017-04-17,40.82,40.8,40.36,40.64,6013.0,600307.0
2017-04-18,41.08,40.82,40.695,40.85,6632.0,694641.0
2017-04-19,40.87,40.64,40.55,40.72,5271.0,522624.0
2017-04-20,40.87,40.76,40.19,40.61,5647.0,515543.0
2017-04-21,41.01,40.93,40.51,40.66,6177.0,752593.0
2017-04-24,41.25,40.79,40.28,41.24,10488.0,1192884.0
2017-04-25,41.086,40.9,39.99,40.67,11581.0,1640124.0
2017-04-26,41.26,40.97,40.59,41.06,9008.0,1077175.0
2017-04-27,41.33,40.97,40.83,41.02,7299.0,855029.0
2017-04-28,40.82,40.57,40.41,40.82,9462.0,1041872.0
2017-05-01,41.08,40.99,40.33,40.72,7047.0,691363.0
2017-05-02,41.14,40.82,40.7,41.02,5985.0,579110.0
2017-05-03,40.86,40.52,40.25,40.86,6418.0,704126.0
2017-05-04,40.61,40.55,39.89,40.26,7225.0,791426.0
2017-05-05,41.01,41.01,40.61,40.64,5406.0,544886.0
2017-05-08,41.15,40.96,40.81,41.02,6289.0,749500.0
2017-05-09,40.98,40.63,40.38,40.98,6031.0,702194.0
2017-05-10,41.11,41.03,40.61,40.65,4558.0,456723.0
2017-05-11,40.83,40.63,40.34,40.83,5066.0,691830.0
2017-05-12,40.87,40.74,40.55,40.63,4106.0,370641.0
2017-05-15,41.51,41.26,40.825,40.98,6801.0,879395.0
2017-05-16,41.28,40.93,40.7,41.21,6242.0,715165.0
2017-05-17,41.21,40.92,40.77,40.77,8685.0,1155546.0
2017-05-18,40.9,40.71,40.35,40.9,11472.0,1061324.0
2017-05-19,41.2,41.08,40.46,40.75,5547.0,561378.0
2017-05-22,41.339,40.9,40.88,41.19,8337.0,1024319.0
2017-05-23,41.56,41.39,40.83,41.08,6377.0,574339.0
2017-05-24,41.71,41.63,41.41,41.41,4500.0,363651.0
2017-05-25,41.78,41.41,41.36,41.72,3931.0,324889.0
2017-05-26,41.46,41.16,41.03,41.46,3417.0,287164.0
2017-05-30,41.29,40.96,40.96,41.15,4318.0,360438.0
2017-05-31,41.41,41.09,40.9,41.1,6973.0,1405193.0
2017-06-01,42.0,41.94,41.02,41.04,8413.0,919096.0
2017-06-02,42.28,42.06,41.78,42.08,6650.0,668761.0
2017-06-05,42.22,42.03,41.77,41.99,4542.0,389631.0
2017-06-06,42.28,42.12,41.65,42.07,5313.0,593719.0
2017-06-07,42.28,42.2,41.89,42.15,4585.0,564219.0
2017-06-08,42.37,42.02,41.5,42.16,3538.0,357243.0
2017-06-09,42.23,41.79,41.68,42.07,10546.0,1171250.0
2017-06-12,42.295,42.23,41.72,41.87,12357.0,1206036.0
2017-06-13,42.35,42.35,41.89,42.27,5290.0,488591.0
2017-06-14,42.8,42.38,42.2,42.61,6263.0,586721.0
2017-06-15,42.67,42.48,41.91,42.09,4573.0,455431.0
2017-06-16,42.6493,42.43,42.02,42.44,6251.0,1051373.0
2017-06-19,42.55,42.22,42.1,42.41,5082.0,569799.0
2017-06-20,42.41,41.7,41.515,42.24,5355.0,585688.0
2017-06-21,41.885,41.68,41.42,41.78,6503.0,809165.0
2017-06-22,41.85,41.83,41.195,41.58,7022.0,777745.0
2017-06-23,42.285,41.72,41.63,41.83,5329.0,1020687.0
2017-06-26,42.0,41.74,41.15,41.9,5117.0,520280.0
2017-06-27,41.88,41.11,41.095,41.64,6737.0,878055.0
2017-06-28,41.62,41.44,41.21,41.37,7813.0,963310.0
2017-06-29,41.19,40.91,40.54,41.01,5304.0,713287.0
2017-06-30,41.28,40.71,40.63,41.01,5264.0,577741.0
2017-07-03,41.39,41.25,40.56,40.9,3682.0,333458.0
2017-07-05,41.29,41.06,40.93,41.2,7899.0,906045.0
2017-07-06,40.99,40.36,40.24,40.84,5785.0,719475.0
2017-07-07,40.895,40.53,40.39,40.41,6906.0,744483.0
2017-07-10,40.85,40.51,40.47,40.65,5264.0,598728.0
2017-07-11,40.62,40.4,40.09,40.58,4863.0,611134.0
2017-07-12,41.24,40.88,40.73,40.73,4158.0,527487.0
2017-07-13,41.02,40.75,40.65,40.97,3576.0,386034.0
2017-07-14,41.2399,40.88,40.84,40.93,3912.0,471030.0
2017-07-17,41.455,41.44,40.7,40.82,4859.0,578399.0
2017-07-18,42.02,41.78,41.37,41.47,6908.0,721483.0
2017-07-19,42.19,42.0,41.78,41.84,6114.0,496049.0
2017-07-20,42.12,41.53,41.5,42.12,4183.0,451656.0
2017-07-21,41.6,41.38,41.03,41.6,5140.0,527770.0
2017-07-24,41.56,41.5,40.96,41.36,6399.0,680777.0
2017-07-25,41.7,41.34,40.77,41.55,7174.0,1067270.0
2017-07-26,42.15,41.98,41.24,41.44,4513.0,469971.0
2017-07-27,42.21,41.89,41.63,41.94,4139.0,407984.0
2017-07-28,42.07,41.9,41.73,41.91,3650.0,422205.0
2017-07-31,42.095,42.02,41.51,41.98,4473.0,530325.0
2017-08-01,42.57,42.41,41.95,42.14,3407.0,320840.0
2017-08-02,42.41,42.39,42.11,42.24,4256.0,475206.0
2017-08-03,42.52,42.07,41.96,42.34,4390.0,594267.0
2017-08-04,42.3299,42.02,41.89,42.07,2783.0,293090.0
2017-08-07,42.05,41.62,41.41,42.05,3818.0,446281.0
2017-08-08,41.745,41.3,41.1,41.5,6211.0,630794.0
2017-08-09,41.29,40.79,40.69,41.29,5108.0,732724.0
2017-08-10,40.91,40.68,40.48,40.65,5684.0,607790.0
2017-08-11,40.74,40.73,40.28,40.38,4342.0,435689.0
2017-08-14,41.615,41.57,40.695,40.91,4437.0,490163.0
2017-08-15,41.66,41.64,41.26,41.48,3600.0,409480.0
2017-08-16,41.9,41.63,41.51,41.66,4780.0,557563.0
2017-08-17,41.74,41.31,41.27,41.59,4502.0,546603.0
2017-08-18,41.24,41.23,40.66,41.24,6957.0,1381406.0
2017-08-21,41.9,41.7,41.1,41.22,5040.0,532107.0
2017-08-22,41.965,41.66,41.38,41.7,4835.0,589881.0
2017-08-23,42.14,42.14,41.39,41.66,4116.0,515772.0
2017-08-24,42.34,41.98,41.86,42.23,6388.0,1099095.0
2017-08-25,42.26,42.16,41.8,42.13,4305.0,906490.0
2017-08-28,42.34,41.65,41.38,42.24,4677.0,622802.0
2017-08-29,41.9,41.81,41.49,41.64,4782.0,717891.0
2017-08-30,42.16,42.11,41.58,41.7,5025.0,647169.0
2017-08-31,42.68,42.6,42.13,42.24,5926.0,823383.0
2017-09-01,42.94,42.76,42.42,42.61,4161.0,432313.0
2017-09-05,42.95,42.73,42.53,42.8,5517.0,550047.0
2017-09-06,43.04,42.81,42.73,42.82,5479.0,522977.0
2017-09-07,43.01,42.95,42.61,42.89,4065.0,537624.0
2017-09-08,42.9,42.77,42.57,42.8,6218.0,1129987.0
2017-09-11,43.36,43.35,42.91,42.91,4960.0,578030.0
2017-09-12,43.7,42.96,42.84,43.36,4379.0,441714.0
2017-09-13,42.91,42.69,42.62,42.91,3668.0,398690.0
2017-09-14,43.05,42.9,42.51,42.67,4528.0,629516.0
2017-09-15,43.05,42.84,42.42,42.86,6109.0,1067826.0
2017-09-18,42.98,42.7,42.4,42.89,9396.0,822558.0
2017-09-19,42.86,42.51,42.385,42.78,7561.0,665237.0
2017-09-20,42.725,42.43,42.33,42.57,8896.0,560021.0
2017-09-21,42.675,42.3,42.3,42.45,6069.0,688682.0
2017-09-22,42.61,41.8,41.79,42.37,4826.0,554503.0
2017-09-25,42.28,41.99,41.72,41.82,7202.0,872228.0
2017-09-26,42.15,41.38,41.25,42.07,11034.0,1440450.0
2017-09-27,41.38,40.9,40.61,41.38,7795.0,951403.0
2017-09-28,41.62,41.55,40.76,40.99,6827.0,796462.0
2017-09-29,41.28,41.06,40.86,41.16,7300.0,1237682.0
2017-10-02,41.41,41.24,40.96,41.14,6209.0,725835.0
2017-10-03,41.53,41.3,41.0,41.38,6500.0,813723.0
2017-10-04,41.61,41.59,41.06,41.4,5001.0,643391.0
2017-10-05,41.82,41.49,41.25,41.67,4649.0,478883.0
2017-10-06,41.65,41.64,40.99,41.29,5570.0,650493.0
2017-10-09,41.87,41.55,41.52,41.67,3196.0,351848.0
2017-10-10,42.01,41.74,41.49,41.55,5626.0,524124.0
2017-10-11,42.0,41.97,41.72,41.83,4540.0,521929.0
2017-10-12,42.12,42.05,41.87,42.0,4113.0,628326.0
2017-10-13,42.33,41.92,41.89,42.15,4702.0,714773.0
2017-10-16,42.04,41.82,41.56,41.95,6576.0,692843.0
2017-10-17,41.84,41.45,41.37,41.72,6504.0,970724.0
2017-10-18,41.64,41.41,41.38,41.44,5265.0,564790.0
2017-10-19,41.48,41.31,41.0,41.35,4873.0,554693.0
2017-10-20,41.48,41.4,41.24,41.34,4840.0,478185.0
2017-10-23,41.66,41.55,41.18,41.55,7409.0,880487.0
2017-10-24,42.7,42.38,41.73,41.75,11571.0,1478761.0
2017-10-25,43.0,42.8,41.99,43.0,8473.0,1407908.0
2017-10-26,42.9,42.77,42.15,42.9,9844.0,1298671.0
2017-10-27,43.24,43.22,42.52,42.88,8271.0,953508.0
2017-10-30,43.27,42.81,42.6902,43.2,6444.0,755454.0
2017-10-31,42.98,42.88,42.51,42.79,6086.0,840226.0
2017-11-01,43.66,43.42,42.72,42.98,6837.0,806286.0
2017-11-02,43.84,43.79,43.46,43.46,6607.0,784465.0
2017-11-03,44.38,44.07,43.6,43.75,6808.0,694365.0
2017-11-06,44.37,44.04,43.96,44.14,6753.0,636320.0
2017-11-07,44.55,44.42,44.08,44.08,6038.0,679306.0
2017-11-08,44.88,44.75,44.3,44.3,5358.0,681543.0
2017-11-09,44.89,44.74,44.42,44.49,4739.0,553014.0
2017-11-10,44.79,44.59,44.43,44.43,5110.0,576776.0
2017-11-13,45.075,44.87,44.68,44.72,5838.0,636435.0
2017-11-14,45.04,44.9,44.67,44.67,5925.0,664679.0
2017-11-15,44.87,44.18,44.16,44.81,5778.0,510595.0
2017-11-16,44.7,44.61,44.04,44.14,6111.0,657040.0
2017-11-17,44.64,44.36,44.2501,44.46,4294.0,422555.0
2017-11-20,44.89,44.52,44.42,44.56,6478.0,737553.0
2017-11-21,45.24,45.19,44.594,44.69,6342.0,683529.0
2017-11-22,45.39,45.16,45.09,45.19,5993.0,759426.0
2017-11-24,45.35,45.29,45.15,45.35,2138.0,230430.0
2017-11-27,45.4,45.04,44.9501,45.22,3788.0,417178.0
2017-11-28,45.22,44.75,44.65,45.04,4758.0,493478.0
2017-11-29,44.91,44.62,44.53,44.72,4575.0,423931.0
2017-11-30,44.94,44.88,44.53,44.74,5246.0,782021.0
2017-12-01,45.24,45.08,44.43,44.92,6049.0,704450.0
2017-12-04,45.4,44.75,44.72,45.14,5231.0,649637.0
2017-12-05,44.83,44.17,44.05,44.73,6904.0,798278.0
2017-12-06,44.44,44.16,43.94,44.19,5204.0,597817.0
2017-12-07,44.84,44.6,44.11,44.21,6253.0,808350.0
2017-12-08,44.85,44.78,44.57,44.71,4530.0,500046.0
2017-12-11,44.82,44.22,44.18,44.75,6618.0,605929.0
2017-12-12,44.34,44.14,43.84,44.2,7289.0,854962.0
2017-12-13,44.35,43.88,43.75,44.21,8541.0,1029990.0
2017-12-14,44.2,43.94,43.72,43.87,5056.0,494132.0
2017-12-15,44.23,44.01,43.47,43.82,7050.0,2219771.0
2017-12-18,44.705,44.2,44.05,44.05,6100.0,585393.0
2017-12-19,44.305,43.19,43.13,44.19,7438.0,904226.0
2017-12-20,43.63,42.9,42.8,43.3,4303.0,534949.0
2017-12-21,43.13,42.81,42.76,42.96,4466.0,409141.0
2017-12-22,42.97,42.93,42.62,42.88,4624.0,471131.0
2017-12-26,43.2313,43.1,42.8,42.99,2963.0,286811.0
2017-12-27,43.36,43.21,42.97,43.24,4379.0,376872.0
2017-12-28,43.36,43.35,43.05,43.21,5592.0,550035.0
2017-12-29,43.2,43.01,42.86,43.05,5493.0,743739.0
2018-01-02,43.24,42.61,42.58,43.12,7157.0,701377.0
2018-01-03,42.76,42.45,42.155,42.64,7147.0,747874.0
2018-01-04,42.45,41.66,41.63,42.41,8355.0,918746.0
2018-01-05,41.94,41.89,41.65,41.78,5416.0,495276.0
2018-01-08,42.21,42.04,41.68,41.91,4535.0,461738.0
2018-01-09,42.54,41.88,41.86,42.27,7840.0,874035.0
2018-01-10,41.78,41.24,41.24,41.78,7228.0,684857.0
2018-01-11,41.53,41.06,40.97,41.34,6133.0,535690.0
2018-01-12,41.01,40.72,40.66,41.01,7025.0,882665.0
2018-01-16,41.51,41.07,40.82,40.93,6361.0,770472.0
2018-01-17,41.31,41.16,40.78,41.12,6857.0,672972.0
2018-01-18,41.07,40.47,40.4,41.06,6615.0,617548.0
2018-01-19,40.96,40.93,40.41,40.51,7164.0,905834.0
2018-01-22,41.91,41.76,41.2,41.36,8436.0,882584.0
2018-01-23,42.19,42.12,41.74,41.93,5926.0,608038.0
2018-01-24,42.26,41.9,41.71,42.15,6270.0,550816.0
2018-01-25,42.09,41.8,41.52,41.98,5103.0,550122.0
2018-01-26,41.91,41.29,41.18,41.85,7942.0,804449.0
2018-01-29,41.18,40.85,40.84,41.18,7617.0,640393.0
2018-01-30,40.79,40.36,40.2,40.74,7430.0,941392.0
2018-01-31,41.45,41.41,40.49,40.56,10230.0,1386628.0
2018-02-01,41.83,40.74,40.62,41.38,11099.0,1311004.0
2018-02-02,40.77,40.48,40.13,40.45,6749.0,795579.0
2018-02-05,40.86,38.93,38.93,40.39,11769.0,1172427.0
2018-02-06,40.205,39.61,37.77,38.52,17966.0,2489619.0
2018-02-07,40.49,40.19,39.51,39.65,17208.0,2973024.0
2018-02-08,40.3,38.72,38.69,40.09,18940.0,2274501.0
2018-02-09,39.83,39.56,38.32,39.02,12316.0,1365375.0
2018-02-12,39.91,39.63,38.49,39.84,8062.0,818676.0
2018-02-13,39.73,39.65,39.13,39.37,8958.0,1136240.0
2018-02-14,39.58,39.35,38.98,39.29,8578.0,941752.0
2018-02-15,40.06,39.91,39.48,39.61,8385.0,894834.0
2018-02-16,40.52,40.25,39.9,39.9,7159.0,845476.0
2018-02-20,40.47,39.59,39.53,40.11,6158.0,851108.0
2018-02-21,39.78,38.78,38.75,39.6,7558.0,949756.0
2018-02-22,39.42,39.37,38.78,39.05,7891.0,967739.0
2018-02-23,40.32,40.23,39.41,39.59,8579.0,1122355.0
2018-02-26,40.42,40.18,39.94,40.23,6103.0,640859.0
2018-02-27,40.23,39.25,39.08,40.23,6873.0,827209.0
2018-02-28,40.0,39.26,39.25,39.52,6434.0,926406.0
2018-03-01,40.055,39.49,39.1,39.26,8245.0,786605.0
2018-03-02,39.3,39.09,38.69,39.28,6544.0,713140.0
2018-03-05,39.51,39.4,38.88,38.95,6987.0,863829.0
2018-03-06,40.02,39.89,39.03,39.42,7315.0,788279.0
2018-03-07,40.29,40.28,39.6,39.84,7930.0,947476.0
2018-03-08,40.84,40.71,40.12,40.3,8737.0,1011408.0
2018-03-09,40.9075,40.67,40.16,40.82,8556.0,998452.0
2018-03-12,40.77,40.73,40.41,40.6,7616.0,890312.0
2018-03-13,40.95,40.21,40.16,40.87,8983.0,905199.0
2018-03-14,40.65,40.06,39.95,40.15,8166.0,1135011.0
2018-03-15,40.43,40.08,39.89,40.21,8663.0,1296888.0
2018-03-16,40.27,40.2,39.92,40.18,8925.0,1643909.0
2018-03-19,40.36,39.98,39.69,40.22,9708.0,1150841.0
2018-03-20,40.34,39.8,39.71,40.08,8479.0,1138730.0
2018-03-21,39.885,39.63,39.43,39.85,7246.0,964761.0
2018-03-22,39.86,39.2,39.2,39.35,10096.0,1111223.0
2018-03-23,39.25,38.63,38.58,39.21,7733.0,1163295.0
2018-03-26,39.34,39.33,38.68,39.07,8796.0,1088941.0
2018-03-27,39.84,39.22,39.06,39.43,14045.0,1981239.0
2018-03-28,39.78,39.74,39.28,39.33,14065.0,1643385.0
2018-03-29,39.95,39.73,39.49,39.55,7992.0,922708.0
2018-04-02,39.77,39.08,38.72,39.68,8959.0,873802.0
2018-04-03,39.885,39.66,38.93,39.25,11565.0,1317329.0
2018-04-04,39.86,39.81,39.19,39.3,9454.0,1062723.0
2018-04-05,39.85,39.49,39.23,39.79,6057.0,646760.0
2018-04-06,39.92,39.2,39.175,39.46,6691.0,821257.0
2018-04-09,39.46,39.1,39.0997,39.31,6015.0,1233568.0
2018-04-10,39.58,39.24,39.05,39.45,6979.0,902363.0
2018-04-11,39.53,39.45,39.11,39.15,6978.0,702397.0
2018-04-12,39.48,38.91,38.815,39.48,8191.0,883124.0
2018-04-13,39.27,39.22,38.725,38.98,6600.0,681290.0
2018-04-16,39.93,39.8,39.19,39.35,9654.0,1049672.0
2018-04-17,40.82,40.41,39.86,39.91,7811.0,943311.0
2018-04-18,40.5,40.09,39.97,40.48,7424.0,1009703.0
2018-04-19,40.06,39.46,39.2,39.99,9505.0,1001563.0
2018-04-20,39.83,39.25,39.22,39.39,8869.0,1034272.0
2018-04-23,39.6,39.21,39.12,39.35,7579.0,1145719.0
2018-04-24,40.22,39.8,39.27,39.6,9537.0,997139.0
2018-04-25,40.21,40.02,39.47,39.75,7575.0,881764.0
2018-04-26,40.94,40.68,40.0,40.13,6075.0,693665.0
2018-04-27,41.1,40.86,40.53,40.75,6495.0,658135.0
2018-04-30,42.47,41.82,41.24,41.28,15473.0,1982944.0
2018-05-01,42.475,42.21,41.6,41.82,10191.0,1210175.0
2018-05-02,42.285,41.95,41.49,41.97,6585.0,647087.0
2018-05-03,42.24,41.97,41.835,41.94,4749.0,486450.0
2018-05-04,42.48,42.28,41.93,41.97,4764.0,454331.0
2018-05-07,43.37,43.26,42.4,42.58,8522.0,959953.0
2018-05-08,43.315,43.15,42.99,43.22,8974.0,1043307.0
2018-05-09,43.589,43.49,43.04,43.13,8238.0,954408.0
2018-05-10,43.88,43.81,43.551,43.75,7465.0,810788.0
2018-05-11,44.03,43.46,43.45,43.89,6859.0,1016951.0
2018-05-14,43.8,43.36,43.09,43.5,7535.0,1162820.0
2018-05-15,43.11,42.79,42.69,42.96,6733.0,886603.0
2018-05-16,43.055,42.71,42.61,42.96,7075.0,774109.0
2018-05-17,42.83,42.42,42.285,42.61,5610.0,649351.0
2018-05-18,42.68,42.32,42.2,42.43,5499.0,1041354.0
2018-05-21,42.56,42.38,42.15,42.56,8546.0,918266.0
2018-05-22,42.495,42.38,42.16,42.38,7360.0,920408.0
2018-05-23,42.95,42.88,42.21,42.46,6471.0,661336.0
2018-05-24,43.05,42.78,42.48,42.95,6628.0,677210.0
2018-05-25,43.18,42.96,42.84,42.86,4906.0,491078.0
2018-05-29,43.31,43.14,42.74,42.82,6041.0,621711.0
2018-05-30,43.88,43.79,43.0339,43.14,8534.0,1346945.0
2018-05-31,44.29,44.21,43.59,43.74,10412.0,1690855.0
2018-06-01,45.02,44.93,44.08,44.33,11396.0,1393700.0
2018-06-04,45.17,44.93,44.39,45.06,9746.0,1029189.0
2018-06-05,44.99,44.54,44.49,44.92,6426.0,795440.0
2018-06-06,44.74,44.71,44.2,44.48,4751.0,747104.0
2018-06-07,44.7885,44.68,44.29,44.71,5695.0,619392.0
2018-06-08,45.0,44.95,44.59,44.71,5322.0,540023.0
2018-06-11,45.0,44.83,44.61,44.95,3590.0,459257.0
2018-06-12,45.17,44.89,44.56,44.74,6263.0,874247.0
2018-06-13,45.11,44.15,44.055,44.94,4746.0,523033.0
2018-06-14,44.5,44.28,44.14,44.26,6534.0,725554.0
2018-06-15,44.69,44.17,44.05,44.36,6231.0,1459318.0
2018-06-18,44.37,44.37,43.91,43.99,5309.0,826746.0
2018-06-19,44.465,43.67,43.64,44.26,9092.0,1136091.0
2018-06-20,44.26,44.06,43.57,43.65,12284.0,1709558.0
2018-06-21,44.11,43.96,43.65,44.05,8380.0,1010657.0
2018-06-22,44.39,44.31,43.9,44.08,7559.0,1424602.0
2018-06-25,44.59,44.4,43.82,44.3,7200.0,853866.0
2018-06-26,44.62,44.31,44.265,44.5,6201.0,767420.0
2018-06-27,44.58,44.13,44.11,44.55,6721.0,822549.0
2018-06-28,44.71,44.54,44.1,44.13,6552.0,697263.0
2018-06-29,44.65,44.33,43.79,44.0,9380.0,1312273.0
2018-07-02,44.43,43.87,43.4,44.22,7266.0,700815.0
2018-07-03,44.68,44.31,43.82,43.97,4428.0,511308.0
2018-07-05,44.77,44.7,44.13,44.5,6886.0,783102.0
2018-07-06,44.87,44.67,44.5,44.69,5342.0,655330.0
2018-07-09,44.8,44.3,43.95,44.71,6626.0,796265.0
2018-07-10,44.615,44.45,44.2321,44.41,6466.0,839684.0
2018-07-11,44.77,44.56,44.38,44.39,5223.0,526593.0
2018-07-12,44.84,44.67,44.4,44.63,3537.0,384771.0
2018-07-13,44.92,44.69,44.53,44.72,4593.0,539508.0
2018-07-16,44.68,44.44,44.21,44.58,5436.0,645834.0
2018-07-17,44.56,43.9,43.87,44.5,7236.0,1054578.0
2018-07-18,44.13,43.69,43.55,43.85,5972.0,763152.0
2018-07-19,44.44,44.22,43.52,43.75,5425.0,558117.0
2018-07-20,44.16,43.49,43.4,44.16,4546.0,481780.0
2018-07-23,43.45,43.33,42.905,43.39,5776.0,642939.0
2018-07-24,43.24,42.0,41.65,43.15,12189.0,2592028.0
2018-07-25,42.485,41.87,41.74,42.05,11044.0,1279736.0
2018-07-26,42.49,42.46,41.9,41.95,7928.0,1095695.0
2018-07-27,42.6,41.99,41.81,42.57,8804.0,916470.0
2018-07-30,42.05,41.92,41.63,42.01,7968.0,879111.0
2018-07-31,43.06,42.86,42.08,42.12,6784.0,950414.0
2018-08-01,43.31,43.3,42.41,42.67,6967.0,877611.0
2018-08-02,43.44,43.2,42.95,43.21,6887.0,771643.0
2018-08-03,43.89,43.84,43.12,43.22,5677.0,683764.0
2018-08-06,44.06,43.88,43.705,43.93,6958.0,863061.0
2018-08-07,43.85,43.73,43.48,43.8,7232.0,1114368.0
2018-08-08,43.95,43.87,43.56,43.89,7376.0,1245941.0
2018-08-09,44.07,43.92,43.75,43.78,6726.0,908695.0
2018-08-10,44.07,43.75,43.64,43.87,6784.0,788401.0
2018-08-13,43.94,43.39,43.33,43.85,4545.0,635412.0
2018-08-14,43.66,43.5,43.31,43.37,5332.0,609692.0
2018-08-15,43.74,43.7,43.4,43.43,3580.0,402599.0
2018-08-16,44.15,44.0,43.66,43.66,4372.0,539408.0
2018-08-17,44.53,44.52,43.96,44.03,3220.0,314709.0
2018-08-20,44.72,44.09,44.04,44.66,8170.0,934139.0
2018-08-21,44.11,43.56,43.45,44.03,7689.0,1237788.0
2018-08-22,43.6,43.35,43.25,43.44,5951.0,591299.0
2018-08-23,43.44,43.17,43.13,43.33,4436.0,436895.0
2018-08-24,43.56,43.5,42.92,43.09,3488.0,661126.0
2018-08-27,43.65,43.62,43.11,43.52,7662.0,855563.0
2018-08-28,44.2,44.19,43.51,43.58,5330.0,635071.0
2018-08-29,44.36,44.06,44.04,44.27,5015.0,642012.0
2018-08-30,44.14,43.68,43.55,44.11,4468.0,451064.0
2018-08-31,44.14,43.75,43.39,43.78,5590.0,716980.0
2018-09-04,43.805,42.89,42.76,43.55,4941.0,609572.0
2018-09-05,43.39,43.37,42.58,42.68,4570.0,570462.0
2018-09-06,43.77,43.52,43.4,43.5,8560.0,1059261.0
2018-09-07,43.37,43.0,42.9,43.37,5083.0,511713.0
2018-09-10,43.53,43.09,42.96,43.23,5339.0,639518.0
2018-09-11,43.21,43.0,42.885,42.96,4896.0,1013234.0
2018-09-12,43.1,43.02,42.8,43.02,4858.0,560581.0
2018-09-13,43.58,43.41,42.98,43.24,5455.0,646949.0
2018-09-14,43.48,43.47,42.78,43.36,7751.0,1410990.0
2018-09-17,43.66,43.6,43.19,43.42,6488.0,836914.0
2018-09-18,43.77,43.29,43.13,43.5,9682.0,1089079.0
2018-09-19,43.4,42.48,42.35,43.38,4978.0,642578.0
2018-09-20,43.38,43.34,42.37,42.51,5457.0,596956.0
2018-09-21,43.39,43.16,43.08,43.3,6859.0,1674099.0
2018-09-24,43.13,42.12,42.04,43.07,6606.0,762270.0
2018-09-25,42.6,42.36,42.08,42.2,5667.0,809616.0
2018-09-26,42.4697,41.69,41.68,42.36,8297.0,1136763.0
2018-09-27,42.15,41.89,41.66,41.88,5712.0,681861.0
2018-09-28,42.29,42.25,41.54,41.54,8528.0,1224063.0
2018-10-01,42.36,41.91,41.81,42.27,5992.0,680401.0
2018-10-02,42.0363,41.77,41.64,41.92,6159.0,758322.0
2018-10-03,42.02,41.71,41.4,41.79,8728.0,1435131.0
2018-10-04,41.85,41.78,40.92,41.51,9847.0,1278582.0
2018-10-05,42.06,41.89,41.79,41.85,8000.0,986750.0
2018-10-08,42.72,42.69,41.85,41.93,6284.0,656571.0
2018-10-09,42.89,42.7,42.51,42.68,6429.0,806064.0
2018-10-10,42.88,42.14,42.1,42.59,7192.0,940080.0
2018-10-11,42.15,40.5,40.5,42.15,9718.0,978906.0
2018-10-12,40.89,40.13,39.82,40.88,9695.0,887846.0
2018-10-15,40.77,40.25,40.02,40.02,9487.0,856230.0
2018-10-16,41.22,41.06,39.95,40.36,7738.0,843973.0
2018-10-17,41.12,40.78,40.47,40.99,5861.0,648576.0
2018-10-18,41.1484,40.58,40.55,40.79,6375.0,809726.0
2018-10-19,40.89,40.62,40.49,40.61,9343.0,1098295.0
2018-10-22,41.11,40.23,40.11,40.86,9626.0,1199790.0
2018-10-23,41.94,41.52,39.86,39.96,19242.0,2656131.0
2018-10-24,42.58,42.37,41.25,41.36,16632.0,2271115.0
2018-10-25,43.84,43.7,41.9,42.32,21945.0,2793101.0
2018-10-26,43.57,42.88,42.34,43.39,11577.0,1406893.0
2018-10-29,43.54,42.88,42.59,43.23,6539.0,809459.0
2018-10-30,43.28,42.48,42.38,43.05,10198.0,1082762.0
2018-10-31,42.7,41.87,41.69,42.48,11624.0,1422537.0
2018-11-01,42.51,42.49,41.71,41.98,7387.0,960305.0
2018-11-02,42.63,42.37,41.94,42.59,11003.0,1462582.0
2018-11-05,42.98,42.9,42.4,42.4,10271.0,1681427.0
2018-11-06,43.75,43.72,42.94,42.99,8616.0,889949.0
2018-11-07,44.35,44.32,43.68,43.95,8811.0,896785.0
2018-11-08,44.51,44.51,44.1,44.2,6180.0,1117513.0
2018-11-09,44.61,44.04,43.8,44.41,5467.0,520021.0
2018-11-12,44.44,44.06,43.9,44.05,4347.0,514413.0
2018-11-13,44.18,43.87,43.62,44.15,5097.0,631768.0
2018-11-14,44.25,43.56,43.49,44.13,6974.0,649356.0
2018-11-15,43.59,43.55,42.8,43.48,5849.0,589785.0
2018-11-16,43.81,43.79,43.34,43.34,5691.0,686548.0
2018-11-19,44.08,43.79,43.38,43.76,5891.0,601286.0
2018-11-20,43.96,43.58,43.43,43.56,8616.0,877894.0
2018-11-21,43.98,43.69,43.24,43.62,7473.0,1006303.0
2018-11-23,43.9,43.66,43.37,43.53,2297.0,183241.0
2018-11-26,44.06,43.72,43.415,43.89,5498.0,500322.0
2018-11-27,43.95,43.83,43.375,43.7,6373.0,603023.0
2018-11-28,44.31,44.31,43.79,43.79,7542.0,715590.0
2018-11-29,44.48,44.41,43.79,44.2,7146.0,745316.0
2018-11-30,45.34,45.29,44.5,44.5,10567.0,2863509.0
2018-12-03,46.03,46.02,45.23,45.51,11759.0,2547420.0
2018-12-04,46.2,45.32,45.17,46.05,11634.0,1459304.0
2018-12-06,46.47,46.46,44.05,44.96,11884.0,1492928.0
2018-12-07,46.66,46.27,45.92,46.25,12598.0,1570920.0
2018-12-10,46.44,46.17,45.45,46.4,14456.0,1624964.0
2018-12-11,46.91,46.38,46.31,46.5,15571.0,2400298.0
2018-12-12,46.85,45.44,45.42,46.83,15747.0,2608998.0
2018-12-13,46.44,46.22,45.43,45.49,10764.0,1093105.0
2018-12-14,46.35,46.33,45.835,45.96,10004.0,1129274.0
2018-12-17,46.49,44.63,44.44,46.39,13811.0,1417688.0
2018-12-18,45.44,44.86,44.63,44.96,14818.0,1782889.0
2018-12-19,45.06,44.02,43.95,44.86,10255.0,1456368.0
2018-12-20,44.12,42.86,42.66,44.0,13735.0,1617103.0
2018-12-21,43.6,42.03,41.87,42.89,17386.0,3518279.0
2018-12-24,41.98,40.46,40.46,41.85,5160.0,543549.0
2018-12-26,41.89,41.83,40.15,40.61,9447.0,1228375.0
2018-12-27,41.86,41.82,40.58,41.42,8413.0,1039470.0
2018-12-28,42.53,41.85,41.45,42.16,9605.0,1082819.0
2018-12-31,41.93,41.88,40.975,41.67,7481.0,1077676.0
2019-01-02,41.35,40.85,40.49,41.33,9245.0,942777.0
2019-01-03,41.33,40.65,40.58,40.76,8807.0,1038844.0
2019-01-04,41.62,41.31,40.6,40.79,6449.0,669025.0
2019-01-07,42.28,41.94,41.26,41.48,10348.0,1146985.0
2019-01-08,43.23,42.88,41.94,42.09,9798.0,1277323.0
2019-01-09,43.11,42.96,42.51,43.1,7971.0,724832.0
2019-01-10,43.715,43.57,42.73,42.95,8064.0,1004615.0
2019-01-11,43.98,43.96,43.36,43.6,7121.0,709717.0
2019-01-14,44.02,43.83,43.54,43.78,9517.0,1187286.0
2019-01-15,44.26,43.85,43.51,43.51,9911.0,1142097.0
2019-01-16,44.1,43.81,43.45,43.99,8168.0,1079409.0
2019-01-17,44.22,44.21,43.65,43.78,7748.0,1031891.0
2019-01-18,44.64,44.63,44.12,44.39,5478.0,606574.0
2019-01-22,44.82,44.37,44.06,44.57,9323.0,1247544.0
2019-01-23,44.895,44.87,44.319,44.46,8183.0,782021.0
2019-01-24,45.15,44.97,44.48,44.68,5887.0,666670.0
2019-01-25,45.62,45.62,45.09,45.1,5878.0,637782.0
2019-01-28,46.045,46.03,45.2,45.42,6499.0,876498.0
2019-01-29,46.33,46.25,45.93,45.96,4792.0,582393.0
2019-01-30,46.9,46.64,46.12,46.22,7369.0,1251255.0
2019-01-31,47.18,47.14,46.16,46.53,11369.0,1344120.0
2019-02-01,47.23,46.68,45.77,47.07,9691.0,1132069.0
2019-02-04,47.25,47.24,46.35,46.59,8337.0,726637.0
2019-02-05,47.83,47.13,46.03,47.4,13783.0,1700398.0
2019-02-06,47.22,47.07,46.45,47.0,8679.0,920886.0
2019-02-07,47.91,47.8,46.74,47.03,7182.0,725472.0
2019-02-08,48.14,47.57,47.3,47.57,7291.0,839757.0
2019-02-11,47.78,47.42,47.36,47.68,10229.0,1174730.0
2019-02-12,47.5166,47.14,46.865,47.46,8156.0,884112.0
2019-02-13,47.49,47.38,46.9,47.02,7942.0,715816.0
2019-02-14,47.9,47.48,47.28,47.4,7217.0,826718.0
2019-02-15,47.86,47.54,47.37,47.66,7008.0,772543.0
2019-02-19,47.9,47.59,47.43,47.48,6602.0,717469.0
2019-02-20,47.625,47.55,47.03,47.59,6312.0,598839.0
2019-02-21,47.76,47.68,47.23,47.54,6736.0,673879.0
2019-02-22,48.05,47.59,47.54,47.69,7122.0,702188.0
2019-02-25,47.92,47.76,47.34,47.69,7965.0,772200.0
2019-02-26,47.94,47.83,47.58,47.87,5694.0,686688.0
2019-02-27,47.71,47.55,47.0,47.71,7149.0,765292.0
2019-02-28,48.18,47.33,47.23,47.54,8723.0,1195103.0
2019-03-01,47.54,47.44,46.72,47.4,7749.0,799708.0
2019-03-04,47.83,47.76,47.19,47.56,8011.0,823732.0
2019-03-05,48.33,48.1,47.61,47.74,5275.0,567338.0
2019-03-06,48.35,47.91,47.83,48.16,4729.0,411309.0
2019-03-07,48.48,47.81,47.68,48.0,8854.0,1103123.0
2019-03-08,48.205,48.14,47.785,47.81,8626.0,1086264.0
2019-03-11,48.81,48.79,48.01,48.35,5617.0,566228.0
2019-03-12,49.08,48.62,48.53,48.9,7242.0,795164.0
2019-03-13,49.01,48.7,48.56,48.7,6336.0,789634.0
2019-03-14,48.82,48.65,48.48,48.82,5270.0,641984.0
2019-03-15,48.9,48.59,48.51,48.72,7154.0,1150053.0
2019-03-18,48.78,48.27,47.99,48.64,6571.0,596132.0
2019-03-19,48.36,47.9,47.85,48.36,5860.0,457385.0
2019-03-20,48.345,47.89,47.56,47.85,9188.0,1065455.0
2019-03-21,48.73,48.64,47.64,47.85,9616.0,957343.0
2019-03-22,48.91,48.11,48.03,48.65,9512.0,920232.0
2019-03-25,48.29,48.25,47.82,48.19,7316.0,691545.0
2019-03-26,49.04,49.04,48.19,48.43,5295.0,627477.0
2019-03-27,49.23,48.59,48.39,49.19,6649.0,790283.0
2019-03-28,49.14,49.09,48.49,48.76,5371.0,504008.0
2019-03-29,48.89,48.42,48.29,48.78,8391.0,1043999.0
2019-04-01,49.01,49.01,48.13,48.48,8170.0,931248.0
2019-04-02,49.16,49.16,48.47,49.07,8989.0,853215.0
2019-04-03,49.51,49.51,48.76,49.16,8001.0,742538.0
2019-04-04,49.61,49.21,48.93,49.61,5542.0,541954.0
2019-04-05,49.42,49.35,48.97,49.19,6209.0,556087.0
2019-04-08,49.5,49.0,48.85,49.36,4344.0,432637.0
2019-04-09,49.15,48.67,48.63,48.98,6510.0,546350.0
2019-04-10,49.33,49.28,48.77,48.85,6342.0,640992.0
2019-04-11,49.69,49.15,48.86,49.32,7184.0,694409.0
2019-04-12,49.76,49.75,48.77,49.07,6321.0,823650.0
2019-04-15,49.77,49.14,48.93,49.77,6162.0,536726.0
2019-04-16,49.25,47.98,47.69,49.19,7400.0,749887.0
2019-04-17,48.41,47.96,47.56,48.15,8678.0,774814.0
2019-04-18,48.62,48.36,47.98,48.02,6215.0,623895.0
2019-04-22,48.285,47.75,47.27,48.15,5879.0,483948.0
2019-04-23,48.62,48.51,47.83,47.95,6586.0,641977.0
2019-04-24,49.13,49.02,48.54,48.54,6002.0,545895.0
2019-04-25,49.1,48.93,48.58,48.83,5096.0,411605.0
2019-04-26,49.415,49.33,48.96,49.07,4884.0,455100.0
2019-04-29,49.39,48.86,48.7,49.18,6453.0,619682.0
2019-04-30,49.82,49.64,48.21,49.01,12049.0,1438931.0
2019-05-01,50.48,49.77,49.61,49.83,8181.0,1190910.0
2019-05-02,50.23,49.19,49.11,49.72,7309.0,696444.0
2019-05-03,49.6772,49.5,48.97,49.43,6200.0,712645.0
2019-05-06,49.74,49.64,49.05,49.24,5311.0,572966.0
2019-05-07,49.5,48.59,48.16,49.48,7438.0,583523.0
2019-05-08,48.94,48.15,48.12,48.65,6265.0,603569.0
2019-05-09,48.265,48.08,47.68,48.05,13520.0,1595313.0
2019-05-10,48.47,48.1,47.8,48.08,12918.0,1321548.0
2019-05-13,48.06,47.68,47.52,47.67,11030.0,1149561.0
2019-05-14,47.96,47.66,47.47,47.82,13911.0,1306059.0
2019-05-15,48.325,48.0,47.44,47.76,9032.0,715472.0
2019-05-16,48.43,48.21,48.0198,48.1,9814.0,1140291.0
2019-05-17,48.2,48.07,47.73,48.1,11785.0,1469720.0
2019-05-20,47.97,47.39,47.195,47.84,8246.0,618802.0
2019-05-21,48.71,48.65,47.56,47.58,8765.0,1513419.0
2019-05-22,48.66,48.53,48.22,48.66,5307.0,435505.0
2019-05-23,48.39,48.38,47.8305,48.2,6645.0,628488.0
2019-05-24,48.85,48.42,48.36,48.63,6438.0,605252.0
2019-05-28,48.73,47.82,47.82,48.63,6502.0,975329.0
2019-05-29,47.67,47.11,46.87,47.66,7457.0,616575.0
2019-05-30,47.46,47.18,47.02,47.11,5906.0,436872.0
2019-05-31,47.67,47.47,46.82,47.04,7725.0,885563.0
2019-06-03,47.84,47.75,47.22,47.59,8586.0,759282.0
2019-06-04,47.83,47.65,46.91,47.83,7528.0,636204.0
2019-06-05,48.76,48.69,47.755,48.0,7184.0,630758.0
2019-06-06,49.14,48.99,48.4,48.66,7189.0,603593.0
2019-06-07,49.54,49.45,48.95,49.32,5530.0,537138.0
2019-06-10,49.75,49.46,49.11,49.45,5763.0,562583.0
2019-06-11,49.69,49.47,49.0,49.59,6435.0,553322.0
2019-06-12,49.79,49.61,49.19,49.45,8734.0,686897.0
2019-06-13,50.27,50.17,49.65,49.73,6526.0,524590.0
2019-06-14,50.42,50.24,49.995,50.2,10111.0,802232.0
2019-06-17,50.59,50.53,50.12,50.38,7740.0,525050.0
2019-06-18,51.07,50.65,50.11,50.81,9235.0,737148.0
2019-06-19,50.86,50.75,50.14,50.6,6113.0,579685.0
2019-06-20,51.41,51.16,50.81,51.07,6964.0,599206.0
2019-06-21,50.91,50.85,50.37,50.91,10778.0,1603709.0
2019-06-24,51.03,50.37,50.31,51.03,5529.0,380099.0
2019-06-25,50.7,49.94,49.89,50.52,7476.0,690508.0
2019-06-26,49.98,49.27,48.82,49.98,10760.0,939950.0
2019-06-27,49.91,49.91,49.2625,49.52,7056.0,684736.0
2019-06-28,50.065,50.04,49.39,49.52,10984.0,1320322.0
2019-07-01,50.53,50.08,49.37,50.53,7960.0,674093.0
2019-07-02,51.04,50.9,50.16,50.16,9074.0,796694.0
2019-07-03,51.64,51.57,50.85,51.07,3837.0,356004.0
2019-07-05,51.65,51.55,50.46,51.15,6146.0,460324.0
2019-07-08,51.645,51.49,51.2,51.41,6914.0,464635.0
2019-07-09,51.645,51.58,51.255,51.43,6189.0,491532.0
2019-07-10,51.91,51.72,51.48,51.91,8387.0,568421.0
2019-07-11,51.75,50.94,50.67,51.75,10925.0,1300815.0
2019-07-12,51.0,50.87,50.63,50.9,7885.0,549706.0
2019-07-15,51.19,50.79,50.76,51.05,7546.0,756018.0
2019-07-16,51.28,51.0,50.54,50.76,7201.0,485240.0
2019-07-17,51.31,51.08,50.63,51.05,9810.0,736782.0
2019-07-18,51.605,51.46,50.78,51.0,8477.0,588348.0
2019-07-19,51.62,50.77,50.62,51.45,12894.0,1032148.0
2019-07-22,51.78,51.58,50.55,51.09,11522.0,890157.0
2019-07-23,52.91,52.8,51.5,51.84,13883.0,1392822.0
2019-07-24,53.05,52.92,52.49,52.8,11410.0,954120.0
2019-07-25,52.79,52.53,52.22,52.79,10559.0,1010500.0
2019-07-26,53.03,52.67,52.41,52.6,5801.0,498664.0
2019-07-29,53.39,53.13,52.65,52.77,7164.0,562307.0
2019-07-30,53.37,52.8,51.92,52.61,9418.0,883247.0
2019-07-31,53.1,52.3,51.98,52.82,7832.0,676361.0
2019-08-01,52.82,52.29,52.13,52.43,12561.0,994803.0
2019-08-02,52.17,50.81,50.8,52.08,13407.0,1453038.0
2019-08-05,50.6,50.24,49.47,50.46,10396.0,997175.0
2019-08-06,51.43,51.06,50.23,50.37,9314.0,727862.0
2019-08-07,51.645,51.43,50.16,50.81,7000.0,530883.0
2019-08-08,52.44,52.28,51.23,51.51,8986.0,897672.0
2019-08-09,52.36,52.13,51.41,52.13,8979.0,730811.0
2019-08-12,52.2,51.72,51.525,51.96,6485.0,464319.0
2019-08-13,52.095,51.54,51.4,51.7,9051.0,773654.0
2019-08-14,51.43,50.46,50.45,51.12,15534.0,1401552.0
2019-08-15,51.38,51.32,50.48,50.73,8762.0,709678.0
2019-08-16,52.26,52.1,51.4,51.42,5950.0,543379.0
2019-08-19,52.82,52.8,52.18,52.43,7352.0,608622.0
2019-08-20,52.88,51.65,51.6,52.88,5863.0,553172.0
2019-08-21,52.23,52.04,51.615,51.88,5098.0,459695.0
2019-08-22,52.33,52.17,51.76,52.07,3593.0,230644.0
2019-08-23,52.37,51.27,51.14,52.02,4868.0,484974.0
2019-08-26,51.74,51.53,51.1,51.64,7851.0,610098.0
2019-08-27,52.1739,51.27,51.25,51.92,6552.0,725888.0
2019-08-28,51.53,51.38,51.07,51.22,6548.0,565450.0
2019-08-29,52.4614,52.01,51.53,51.74,7666.0,752369.0
2019-08-30,52.25,52.12,51.82,52.16,4546.0,407871.0
2019-09-03,52.62,52.49,51.77,51.98,5210.0,436933.0
2019-09-04,52.98,52.66,52.4397,52.95,7203.0,928893.0
2019-09-05,52.9,52.08,51.96,52.73,6185.0,504243.0
2019-09-06,50.58,50.49,49.03,49.07,53347.0,10061195.0
2019-09-09,51.35,51.31,50.47,50.77,20841.0,2828438.0
2019-09-10,51.57,51.08,50.38,51.3,19310.0,2471165.0
2019-09-11,51.01,50.69,50.06,51.01,14220.0,1112542.0
2019-09-12,51.61,51.36,51.0,51.16,10190.0,937779.0
2019-09-13,51.42,50.75,50.495,51.21,11054.0,1013347.0
2019-09-16,51.56,51.38,50.74,50.8,9325.0,646154.0
2019-09-17,51.71,51.34,51.18,51.22,10171.0,905118.0
2019-09-18,51.5668,51.06,50.74,51.56,12068.0,1187411.0
2019-09-19,51.37,51.13,51.0,51.26,9026.0,764472.0
2019-09-20,51.41,50.76,50.7,51.18,11682.0,2375858.0
2019-09-23,51.43,51.26,50.6,50.79,7541.0,766430.0
2019-09-24,51.675,50.93,50.84,51.46,9343.0,887507.0
2019-09-25,51.33,51.24,50.855,50.96,7033.0,586813.0
2019-09-26,51.48,51.38,51.03,51.36,6213.0,669989.0
2019-09-27,51.9,51.54,51.205,51.59,9247.0,969717.0
2019-09-30,51.565,51.33,51.13,51.21,10223.0,974676.0
2019-10-01,51.4515,50.63,50.35,51.35,10804.0,810359.0
2019-10-02,51.06,51.05,50.29,50.62,9321.0,783398.0
2019-10-03,51.72,51.4,50.75,50.96,8534.0,703701.0
2019-10-04,51.805,51.04,50.98,51.45,9557.0,1058819.0
2019-10-07,51.62,51.42,50.72,51.0,14550.0,799617.0
2019-10-08,51.42,51.21,50.4,51.18,13369.0,1437637.0
2019-10-09,51.46,50.85,50.77,51.4,9136.0,1422167.0
2019-10-10,51.23,50.84,50.63,50.9,8006.0,1146030.0
2019-10-11,51.62,51.0,50.64,51.0,6971.0,740046.0
2019-10-14,51.16,50.85,50.64,51.16,5920.0,577966.0
2019-10-15,51.24,50.89,50.66,50.98,8363.0,926743.0
2019-10-16,51.11,50.49,50.08,50.84,7923.0,684067.0
2019-10-17,50.73,50.54,50.3435,50.54,6756.0,668180.0
2019-10-18,50.89,50.76,50.42,50.62,6021.0,563442.0
2019-10-21,51.02,50.94,50.57,50.7,5714.0,633118.0
2019-10-22,51.07,50.29,50.2,51.07,6963.0,583726.0
2019-10-23,50.45,50.26,49.79,50.34,8205.0,813821.0
2019-10-24,50.9,50.83,50.17,50.56,6691.0,634570.0
2019-10-25,51.06,50.57,50.485,50.84,6816.0,824251.0
2019-10-28,59.34,57.5,57.5,58.8,135487.0,19707739.0
2019-10-29,58.72,58.3,57.51,57.51,45816.0,5551348.0
2019-10-30,59.09,59.06,58.19,58.25,26685.0,3512780.0
2019-10-31,59.97,59.07,59.025,59.14,27488.0,3216864.0
2019-11-01,59.89,59.06,58.68,59.29,20715.0,2028584.0
2019-11-04,59.24,59.08,58.61,58.95,20093.0,2361577.0
2019-11-05,58.98,58.06,57.29,58.89,21060.0,3866904.0
2019-11-06,59.16,58.94,58.26,58.26,15984.0,1845250.0
2019-11-07,59.07,58.76,58.53,58.74,11832.0,1538596.0
2019-11-08,59.17,58.7,58.54,58.54,8851.0,1191864.0
2019-11-11,59.01,58.87,58.49,58.52,8703.0,1329095.0
2019-11-12,59.66,58.43,58.35,58.86,8983.0,1370028.0
2019-11-13,59.43,59.26,58.26,58.3,11207.0,906826.0
2019-11-14,60.1,60.04,59.37,59.37,7786.0,763168.0
2019-11-15,60.43,60.12,59.91,60.04,9752.0,1526764.0
2019-11-18,60.94,60.64,60.09,60.13,5734.0,901842.0
2019-11-19,61.48,61.3,60.56,60.77,7836.0,1490057.0
2019-11-20,61.8,61.7,61.04,61.15,12133.0,1314195.0
2019-11-21,61.65,61.22,60.95,61.46,10687.0,1356622.0
2019-11-22,61.55,61.04,60.52,61.55,8473.0,695306.0
2019-11-25,61.68,61.17,61.05,61.39,11579.0,1490042.0
2019-11-26,62.23,61.91,61.14,61.22,19958.0,5054585.0
2019-11-27,62.45,62.23,61.67,61.85,12212.0,1382278.0
2019-11-29,62.53,61.62,61.62,62.18,8056.0,828706.0
2019-12-02,61.8,60.63,60.62,61.57,13090.0,1368736.0
2019-12-03,61.2,61.09,60.34,60.47,11434.0,1268441.0
2019-12-04,61.69,61.39,60.9,60.95,9121.0,1081008.0
2019-12-05,61.55,61.53,60.97,61.32,7188.0,820533.0
2019-12-06,61.96,61.62,61.52,61.58,9414.0,1571717.0
2019-12-09,61.91,61.55,61.41,61.64,8061.0,939937.0
2019-12-10,62.15,61.49,61.28,61.61,8149.0,729616.0
2019-12-11,61.59,60.53,60.27,61.4,13203.0,1521276.0
2019-12-12,60.85,59.94,59.65,60.51,15635.0,1688150.0
2019-12-13,60.11,59.69,59.07,59.96,12279.0,1189568.0
2019-12-16,60.09,59.5,58.88,59.85,15426.0,1685671.0
2019-12-17,59.52,58.87,58.75,59.5,14811.0,1680604.0
2019-12-18,59.5,59.26,58.76,58.98,15491.0,1453316.0
2019-12-19,59.41,59.15,59.03,59.08,12963.0,1779773.0
2019-12-20,60.03,59.64,59.39,59.55,13314.0,2132641.0
2019-12-23,59.92,59.33,59.27,59.68,8254.0,1821157.0
2019-12-24,59.73,59.51,59.29,59.43,2700.0,488477.0
2019-12-26,60.06,59.98,59.56,59.56,2751.0,356299.0
2019-12-27,60.34,60.07,59.93,60.23,5992.0,999527.0
2019-12-30,60.36,60.2,59.85,59.94,5259.0,786787.0
2019-12-31,60.15,60.05,59.62,59.8,7753.0,942532.0
2020-01-02,60.46,59.59,59.16,60.13,10822.0,1161947.0
2020-01-03,60.56,60.35,59.09,59.21,7320.0,911609.0
2020-01-06,60.41,60.0,59.93,60.27,7407.0,1491322.0
2020-01-07,59.95,59.66,59.26,59.82,7865.0,810841.0
2020-01-08,60.15,59.96,59.41,59.77,9536.0,1289356.0
2020-01-09,60.535,59.96,59.82,60.01,4944.0,949754.0
2020-01-10,60.47,60.25,59.98,60.04,9862.0,2122566.0
2020-01-13,61.88,61.86,60.34,60.34,11029.0,1302613.0
2020-01-14,61.77,61.03,60.88,61.77,12686.0,1439998.0
2020-01-15,62.35,62.19,61.2,61.2,13094.0,1490484.0
2020-01-16,62.97,62.95,62.19,62.19,11560.0,1495243.0
2020-01-17,63.9,63.55,62.94,62.94,9024.0,1012065.0
2020-01-21,64.48,64.36,63.46,63.55,8074.0,1185343.0
2020-01-22,64.98,63.41,63.23,64.5,6731.0,713856.0
2020-01-23,64.59,64.54,62.84,63.28,5766.0,1122030.0
2020-01-24,65.26,64.86,64.46,64.59,5719.0,558594.0
2020-01-27,64.84,64.1,64.0,64.45,6047.0,638079.0
2020-01-28,64.77,64.47,64.15,64.25,6667.0,1075620.0
2020-01-29,65.16,65.03,64.27,64.56,7676.0,1076235.0
2020-01-30,65.38,64.88,64.4975,64.75,10132.0,1212232.0
2020-01-31,64.75,62.65,62.425,64.71,12580.0,1295650.0
2020-02-03,63.14,61.95,61.77,62.9,46384.0,43500227.0
